{
    "version": "1.2.0",
    "__comment": "Calibration parameters of FovVideoVDP 1.2. See the source of fvvdp_core.m for their description.",
    "calibration_date": "20/11/2021",
    "internal_model_name": "fvvdp_1_20",
    "mask_p": 2.4,
    "mask_c": -0.973838,
    "pu_dilate": 0,
    "w_transient": 2.5,
    "beta": 1.52134,
    "beta_t": 0.45219433307647705,
    "beta_tch": 1.2332838773727417,
    "beta_sch": 2.1613411903381348,
    "sustained_sigma": 0.5,
    "sustained_beta": 0.06,
    "csf_sigma": -1.5,
    "sensitivity_correction": 16.2596,
    "masking_model": "min_mutual_masking_perc_norm2",
    "local_adapt": "gpyr",
    "contrast": "weber",
    "jod_a": -0.5162339806556702,
    "log_jod_exp": -0.45216917991638184,
    "mask_q_sust": 2.43685,
    "mask_q_trans": 4.946,
    "k_cm": 0.604562,
    "filter_len": -1,
    "quality_band_w_log": [
        -9.748575210571289,
        -9.26399040222168,
        -4.308053016662598,
        -1.3346048593521118,
        -1.0466288328170776,
        -0.5743371844291687,
        -3.9310050010681152,
        -9.21034049987793
    ]
}